type,likes
Photo,10598.299509227114
Album,13115.172427333144
Video,9941.539148105108
IGTV,5482.0
